{"cameraMode":{"drawMode":0,"name":"Shaded","section":"Shading Mode"},"sceneLighting":true,"audioPlay":false,"sceneViewState":{"showFog":true,"showMaterialUpdate":false,"showSkybox":false,"showFlares":true,"showImageEffects":true,"showParticleSystems":true},"in2DMode":false,"pivot":{"x":2.4351041316986086,"y":3.5662150382995607,"z":-10.599708557128907},"rotation":{"x":-0.1540621966123581,"y":0.04059448093175888,"z":-0.006335260812193155,"w":-0.9872084856033325},"size":18.33658218383789,"orthographic":false}